{"NDCG@1": 0.24138, "NDCG@5": 0.30507, "NDCG@10": 0.34538, "NDCG@20": 0.37454, "NDCG@100": 0.4405, "MAP@1": 0.18534, "MAP@5": 0.26137, "MAP@10": 0.2797, "MAP@20": 0.28885, "MAP@100": 0.30016, "Recall@1": 0.18534, "Recall@5": 0.36925, "Recall@10": 0.4842, "Recall@20": 0.58261, "Recall@100": 0.88362, "P@1": 0.24138, "P@5": 0.10517, "P@10": 0.06897, "P@20": 0.0431, "P@100": 0.01397, "MRR": 0.35616}