{"NDCG@1": 0.31897, "NDCG@5": 0.38191, "NDCG@10": 0.42599, "MAP@1": 0.23276, "MAP@5": 0.33218, "MAP@10": 0.35081, "Recall@1": 0.23276, "Recall@5": 0.4569, "Recall@10": 0.58333, "P@1": 0.31897, "P@5": 0.13276, "P@10": 0.08448, "MRR": 0.4227}