{"NDCG@1": 0.31897, "NDCG@5": 0.35717, "NDCG@10": 0.40282, "MAP@1": 0.23276, "MAP@5": 0.31554, "MAP@10": 0.33479, "Recall@1": 0.23276, "Recall@5": 0.41092, "Recall@10": 0.54023, "P@1": 0.31897, "P@5": 0.11897, "P@10": 0.07845, "MRR": 0.40783}