{"NDCG@1": 0.27586, "NDCG@5": 0.36068, "NDCG@10": 0.39514, "MAP@1": 0.20833, "MAP@5": 0.31161, "MAP@10": 0.32666, "Recall@1": 0.20833, "Recall@5": 0.44109, "Recall@10": 0.53736, "P@1": 0.27586, "P@5": 0.12931, "P@10": 0.07931, "MRR": 0.38584}