{"NDCG@1": 0.24138, "NDCG@5": 0.30189, "NDCG@10": 0.33163, "NDCG@20": 0.37331, "NDCG@100": 0.43307, "MAP@1": 0.19397, "MAP@5": 0.26063, "MAP@10": 0.27536, "MAP@20": 0.28754, "MAP@100": 0.29759, "Recall@1": 0.19397, "Recall@5": 0.3592, "Recall@10": 0.44109, "Recall@20": 0.58908, "Recall@100": 0.86638, "P@1": 0.24138, "P@5": 0.10172, "P@10": 0.06379, "P@20": 0.04353, "P@100": 0.01362, "MRR": 0.35025}