{"NDCG@1": 0.31897, "NDCG@5": 0.37941, "NDCG@10": 0.42496, "MAP@1": 0.23276, "MAP@5": 0.3308, "MAP@10": 0.34973, "Recall@1": 0.23276, "Recall@5": 0.45259, "Recall@10": 0.58333, "P@1": 0.31897, "P@5": 0.13103, "P@10": 0.08448, "MRR": 0.42124}