{"NDCG@1": 0.19828, "NDCG@5": 0.25517, "NDCG@10": 0.28011, "NDCG@20": 0.30158, "NDCG@100": 0.36957, "MAP@1": 0.15374, "MAP@5": 0.21801, "MAP@10": 0.22816, "MAP@20": 0.23497, "MAP@100": 0.24567, "Recall@1": 0.15374, "Recall@5": 0.31609, "Recall@10": 0.38506, "Recall@20": 0.4569, "Recall@100": 0.77586, "P@1": 0.19828, "P@5": 0.08448, "P@10": 0.05345, "P@20": 0.03276, "P@100": 0.01207, "MRR": 0.29214}