{"NDCG@1": 0.30172, "NDCG@5": 0.37553, "NDCG@10": 0.4163, "NDCG@20": 0.44835, "NDCG@100": 0.49433, "MAP@1": 0.21264, "MAP@5": 0.32747, "MAP@10": 0.3454, "MAP@20": 0.35489, "MAP@100": 0.36204, "Recall@1": 0.21264, "Recall@5": 0.4454, "Recall@10": 0.56034, "Recall@20": 0.67313, "Recall@100": 0.89224, "P@1": 0.30172, "P@5": 0.13103, "P@10": 0.08362, "P@20": 0.05086, "P@100": 0.01405, "MRR": 0.42769}