{"NDCG@1": 0.31897, "NDCG@5": 0.38347, "NDCG@10": 0.42812, "MAP@1": 0.23276, "MAP@5": 0.33276, "MAP@10": 0.35232, "Recall@1": 0.23276, "Recall@5": 0.45977, "Recall@10": 0.58764, "P@1": 0.31897, "P@5": 0.13448, "P@10": 0.08534, "MRR": 0.42331}