{"NDCG@1": 0.31034, "NDCG@5": 0.36508, "NDCG@10": 0.40097, "NDCG@20": 0.42777, "NDCG@100": 0.47805, "MAP@1": 0.22989, "MAP@5": 0.31865, "MAP@10": 0.33491, "MAP@20": 0.34312, "MAP@100": 0.35156, "Recall@1": 0.22989, "Recall@5": 0.4296, "Recall@10": 0.52874, "Recall@20": 0.62284, "Recall@100": 0.86063, "P@1": 0.31034, "P@5": 0.12586, "P@10": 0.07931, "P@20": 0.04741, "P@100": 0.01353, "MRR": 0.41547}