{"NDCG@1": 0.24138, "NDCG@5": 0.32528, "NDCG@10": 0.36091, "MAP@1": 0.19397, "MAP@5": 0.27804, "MAP@10": 0.29372, "Recall@1": 0.19397, "Recall@5": 0.39511, "Recall@10": 0.49569, "P@1": 0.24138, "P@5": 0.11379, "P@10": 0.07155, "MRR": 0.35717}