{"NDCG@1": 0.31897, "NDCG@5": 0.35717, "NDCG@10": 0.40282, "NDCG@20": 0.42766, "NDCG@100": 0.48603, "MAP@1": 0.23276, "MAP@5": 0.31554, "MAP@10": 0.33479, "MAP@20": 0.34335, "MAP@100": 0.35319, "Recall@1": 0.23276, "Recall@5": 0.41092, "Recall@10": 0.54023, "Recall@20": 0.62428, "Recall@100": 0.89224, "P@1": 0.31897, "P@5": 0.11897, "P@10": 0.07845, "P@20": 0.04612, "P@100": 0.01405, "MRR": 0.41962}