{"NDCG@1": 0.24138, "NDCG@5": 0.34441, "NDCG@10": 0.3724, "MAP@1": 0.18534, "MAP@5": 0.2904, "MAP@10": 0.30379, "Recall@1": 0.18534, "Recall@5": 0.43966, "Recall@10": 0.51293, "P@1": 0.24138, "P@5": 0.12586, "P@10": 0.075, "MRR": 0.3618}