{"NDCG@1": 0.27586, "NDCG@5": 0.33844, "NDCG@10": 0.37598, "NDCG@20": 0.40526, "NDCG@100": 0.45948, "MAP@1": 0.20833, "MAP@5": 0.2948, "MAP@10": 0.31242, "MAP@20": 0.32167, "MAP@100": 0.33096, "Recall@1": 0.20833, "Recall@5": 0.40086, "Recall@10": 0.50575, "Recall@20": 0.61207, "Recall@100": 0.85776, "P@1": 0.27586, "P@5": 0.11724, "P@10": 0.07414, "P@20": 0.04483, "P@100": 0.01345, "MRR": 0.38609}