{"NDCG@1": 0.61207, "NDCG@5": 0.52637, "NDCG@10": 0.53986, "NDCG@20": 0.56963, "NDCG@100": 0.61615, "MAP@1": 0.22166, "MAP@5": 0.3913, "MAP@10": 0.43047, "MAP@20": 0.45268, "MAP@100": 0.46801, "Recall@1": 0.22166, "Recall@5": 0.44246, "Recall@10": 0.5384, "Recall@20": 0.65596, "Recall@100": 0.7966, "P@1": 0.61207, "P@5": 0.32414, "P@10": 0.21724, "P@20": 0.13534, "P@100": 0.03698, "MRR": 0.69922}