{"NDCG@1": 0.61207, "NDCG@5": 0.51357, "NDCG@10": 0.5342, "MAP@1": 0.23798, "MAP@5": 0.37962, "MAP@10": 0.41899, "Recall@1": 0.23798, "Recall@5": 0.43246, "Recall@10": 0.55404, "P@1": 0.61207, "P@5": 0.31207, "P@10": 0.20862, "MRR": 0.69545}