{"NDCG@1": 0.50862, "NDCG@5": 0.45361, "NDCG@10": 0.48458, "NDCG@20": 0.51948, "NDCG@100": 0.56921, "MAP@1": 0.1691, "MAP@5": 0.31894, "MAP@10": 0.36089, "MAP@20": 0.38453, "MAP@100": 0.40192, "Recall@1": 0.1691, "Recall@5": 0.40509, "Recall@10": 0.53995, "Recall@20": 0.65647, "Recall@100": 0.80775, "P@1": 0.50862, "P@5": 0.29655, "P@10": 0.2069, "P@20": 0.13448, "P@100": 0.0369, "MRR": 0.62075}