{"NDCG@1": 0.63793, "NDCG@5": 0.53593, "NDCG@10": 0.55398, "NDCG@20": 0.58753, "NDCG@100": 0.62802, "MAP@1": 0.22972, "MAP@5": 0.39141, "MAP@10": 0.43504, "MAP@20": 0.45795, "MAP@100": 0.47243, "Recall@1": 0.22972, "Recall@5": 0.47103, "Recall@10": 0.57763, "Recall@20": 0.6915, "Recall@100": 0.81246, "P@1": 0.63793, "P@5": 0.32931, "P@10": 0.22241, "P@20": 0.14224, "P@100": 0.03724, "MRR": 0.71524}