{"NDCG@1": 0.5, "NDCG@5": 0.42331, "NDCG@10": 0.44317, "MAP@1": 0.17295, "MAP@5": 0.28538, "MAP@10": 0.31988, "Recall@1": 0.17295, "Recall@5": 0.36331, "Recall@10": 0.47956, "P@1": 0.5, "P@5": 0.27931, "P@10": 0.18707, "MRR": 0.59986}