{"NDCG@1": 0.60345, "NDCG@5": 0.51079, "NDCG@10": 0.51742, "MAP@1": 0.22631, "MAP@5": 0.36742, "MAP@10": 0.40034, "Recall@1": 0.22631, "Recall@5": 0.43972, "Recall@10": 0.52917, "P@1": 0.60345, "P@5": 0.31724, "P@10": 0.20603, "MRR": 0.67767}