{"NDCG@1": 0.60345, "NDCG@5": 0.52733, "NDCG@10": 0.54074, "NDCG@20": 0.5597, "NDCG@100": 0.61124, "MAP@1": 0.22775, "MAP@5": 0.38851, "MAP@10": 0.4253, "MAP@20": 0.44297, "MAP@100": 0.46091, "Recall@1": 0.22775, "Recall@5": 0.4587, "Recall@10": 0.557, "Recall@20": 0.63703, "Recall@100": 0.7966, "P@1": 0.60345, "P@5": 0.32931, "P@10": 0.21983, "P@20": 0.1319, "P@100": 0.03698, "MRR": 0.68292}