{"NDCG@1": 0.50862, "NDCG@5": 0.42149, "NDCG@10": 0.4537, "MAP@1": 0.1691, "MAP@5": 0.28623, "MAP@10": 0.32538, "Recall@1": 0.1691, "Recall@5": 0.37122, "Recall@10": 0.51172, "P@1": 0.50862, "P@5": 0.27586, "P@10": 0.19483, "MRR": 0.60585}