{"NDCG@1": 0.61207, "NDCG@5": 0.53542, "NDCG@10": 0.55953, "NDCG@20": 0.58134, "NDCG@100": 0.62941, "MAP@1": 0.23941, "MAP@5": 0.40112, "MAP@10": 0.44502, "MAP@20": 0.46325, "MAP@100": 0.47943, "Recall@1": 0.23941, "Recall@5": 0.4584, "Recall@10": 0.5831, "Recall@20": 0.66471, "Recall@100": 0.81246, "P@1": 0.61207, "P@5": 0.32759, "P@10": 0.22241, "P@20": 0.13578, "P@100": 0.03724, "MRR": 0.70263}