{"NDCG@1": 0.26724, "NDCG@5": 0.24288, "NDCG@10": 0.27174, "NDCG@20": 0.30418, "NDCG@100": 0.35688, "MAP@1": 0.08739, "MAP@5": 0.15705, "MAP@10": 0.1814, "MAP@20": 0.19883, "MAP@100": 0.21124, "Recall@1": 0.08739, "Recall@5": 0.21839, "Recall@10": 0.31862, "Recall@20": 0.42338, "Recall@100": 0.59958, "P@1": 0.26724, "P@5": 0.16207, "P@10": 0.12241, "P@20": 0.08405, "P@100": 0.02603, "MRR": 0.37901}