{"NDCG@1": 0.5, "NDCG@5": 0.46379, "NDCG@10": 0.48362, "NDCG@20": 0.51244, "NDCG@100": 0.56443, "MAP@1": 0.17295, "MAP@5": 0.32417, "MAP@10": 0.35988, "MAP@20": 0.38108, "MAP@100": 0.39923, "Recall@1": 0.17295, "Recall@5": 0.41391, "Recall@10": 0.52618, "Recall@20": 0.63379, "Recall@100": 0.7939, "P@1": 0.5, "P@5": 0.3069, "P@10": 0.20862, "P@20": 0.13147, "P@100": 0.03655, "MRR": 0.61781}