{"NDCG@1": 0.49138, "NDCG@5": 0.46585, "NDCG@10": 0.47853, "NDCG@20": 0.50308, "NDCG@25": 0.50843, "NDCG@100": 0.53911, "MAP@1": 0.21604, "MAP@5": 0.37, "MAP@10": 0.39787, "MAP@20": 0.41279, "MAP@25": 0.41519, "MAP@100": 0.4226, "Recall@1": 0.21604, "Recall@5": 0.42343, "Recall@10": 0.49858, "Recall@20": 0.56878, "Recall@25": 0.5839, "Recall@100": 0.68458, "P@1": 0.49138, "P@5": 0.27759, "P@10": 0.17672, "P@20": 0.10862, "P@25": 0.09034, "P@100": 0.02853, "MRR": 0.58942}