{"NDCG@1": 0.46552, "NDCG@5": 0.41823, "NDCG@10": 0.43427, "NDCG@20": 0.45403, "NDCG@100": 0.50566, "MAP@1": 0.19424, "MAP@5": 0.32748, "MAP@10": 0.35404, "MAP@20": 0.36356, "MAP@100": 0.37641, "Recall@1": 0.19424, "Recall@5": 0.3871, "Recall@10": 0.46342, "Recall@20": 0.52742, "Recall@100": 0.69398, "P@1": 0.46552, "P@5": 0.24655, "P@10": 0.15862, "P@20": 0.09267, "P@100": 0.02879, "MRR": 0.54795}