{"NDCG@1": 0.4569, "NDCG@5": 0.44357, "NDCG@10": 0.44719, "NDCG@20": 0.4614, "NDCG@100": 0.51546, "MAP@1": 0.19148, "MAP@5": 0.34672, "MAP@10": 0.36777, "MAP@20": 0.37527, "MAP@100": 0.38814, "Recall@1": 0.19148, "Recall@5": 0.41498, "Recall@10": 0.47116, "Recall@20": 0.5173, "Recall@100": 0.6983, "P@1": 0.4569, "P@5": 0.26724, "P@10": 0.16207, "P@20": 0.09181, "P@100": 0.02922, "MRR": 0.55955}