{"NDCG@1": 0.50862, "NDCG@5": 0.42049, "NDCG@10": 0.43695, "NDCG@20": 0.45606, "NDCG@100": 0.50916, "MAP@1": 0.2051, "MAP@5": 0.33304, "MAP@10": 0.35955, "MAP@20": 0.3697, "MAP@100": 0.38324, "Recall@1": 0.2051, "Recall@5": 0.37491, "Recall@10": 0.45614, "Recall@20": 0.50859, "Recall@100": 0.68107, "P@1": 0.50862, "P@5": 0.24138, "P@10": 0.15345, "P@20": 0.09138, "P@100": 0.0281, "MRR": 0.57114}