{"NDCG@1": 0.4569, "NDCG@5": 0.3676, "NDCG@10": 0.41476, "MAP@1": 0.19148, "MAP@5": 0.26027, "MAP@10": 0.30373, "Recall@1": 0.19148, "Recall@5": 0.33748, "Recall@10": 0.4745, "P@1": 0.4569, "P@5": 0.19828, "P@10": 0.15948, "MRR": 0.56685}