{"NDCG@1": 0.46552, "NDCG@5": 0.35884, "NDCG@10": 0.41233, "MAP@1": 0.19424, "MAP@5": 0.26138, "MAP@10": 0.30904, "Recall@1": 0.19424, "Recall@5": 0.32346, "Recall@10": 0.46842, "P@1": 0.46552, "P@5": 0.1931, "P@10": 0.15948, "MRR": 0.54922}