{"NDCG@1": 0.50862, "NDCG@5": 0.44534, "NDCG@10": 0.45745, "NDCG@20": 0.47015, "NDCG@100": 0.52222, "MAP@1": 0.21595, "MAP@5": 0.35308, "MAP@10": 0.3793, "MAP@20": 0.3876, "MAP@100": 0.39955, "Recall@1": 0.21595, "Recall@5": 0.40416, "Recall@10": 0.47492, "Recall@20": 0.51109, "Recall@100": 0.68458, "P@1": 0.50862, "P@5": 0.25345, "P@10": 0.16034, "P@20": 0.09138, "P@100": 0.02853, "MRR": 0.585}