{"NDCG@1": 0.50862, "NDCG@5": 0.36837, "NDCG@10": 0.41438, "MAP@1": 0.2051, "MAP@5": 0.26857, "MAP@10": 0.3102, "Recall@1": 0.2051, "Recall@5": 0.33584, "Recall@10": 0.46338, "P@1": 0.50862, "P@5": 0.18966, "P@10": 0.15431, "MRR": 0.57282}