{"NDCG@1": 0.50862, "NDCG@5": 0.37669, "NDCG@10": 0.43114, "MAP@1": 0.21595, "MAP@5": 0.27489, "MAP@10": 0.32183, "Recall@1": 0.21595, "Recall@5": 0.33173, "Recall@10": 0.47725, "P@1": 0.50862, "P@5": 0.18793, "P@10": 0.16293, "MRR": 0.59369}