{"NDCG@1": 0.49138, "NDCG@5": 0.47369, "NDCG@10": 0.48153, "NDCG@20": 0.49906, "NDCG@25": 0.50753, "NDCG@100": 0.54221, "MAP@1": 0.2139, "MAP@5": 0.37077, "MAP@10": 0.39709, "MAP@20": 0.40853, "MAP@25": 0.41242, "MAP@100": 0.42073, "Recall@1": 0.2139, "Recall@5": 0.43934, "Recall@10": 0.50628, "Recall@20": 0.56151, "Recall@25": 0.58773, "Recall@100": 0.6983, "P@1": 0.49138, "P@5": 0.28621, "P@10": 0.17931, "P@20": 0.10474, "P@25": 0.08828, "P@100": 0.02922, "MRR": 0.58681}