{"NDCG@1": 0.35345, "NDCG@5": 0.34841, "NDCG@10": 0.3614, "NDCG@20": 0.37936, "NDCG@25": 0.3867, "NDCG@100": 0.42228, "MAP@1": 0.15098, "MAP@5": 0.27457, "MAP@10": 0.29336, "MAP@20": 0.30087, "MAP@25": 0.30304, "MAP@100": 0.31051, "Recall@1": 0.15098, "Recall@5": 0.33774, "Recall@10": 0.39576, "Recall@20": 0.44374, "Recall@25": 0.46272, "Recall@100": 0.5842, "P@1": 0.35345, "P@5": 0.20517, "P@10": 0.12672, "P@20": 0.075, "P@25": 0.06483, "P@100": 0.02302, "MRR": 0.45686}