{"NDCG@1": 0.32759, "NDCG@5": 0.3279, "NDCG@10": 0.3393, "NDCG@20": 0.37964, "NDCG@100": 0.44424, "MAP@1": 0.11959, "MAP@5": 0.2323, "MAP@10": 0.25521, "MAP@20": 0.27412, "MAP@100": 0.29033, "Recall@1": 0.11959, "Recall@5": 0.31889, "Recall@10": 0.38256, "Recall@20": 0.49376, "Recall@100": 0.71327, "P@1": 0.32759, "P@5": 0.21034, "P@10": 0.13707, "P@20": 0.09526, "P@100": 0.03078, "MRR": 0.45258}