{"NDCG@1": 0.33621, "NDCG@5": 0.3252, "NDCG@10": 0.34501, "NDCG@20": 0.37294, "NDCG@100": 0.4416, "MAP@1": 0.12944, "MAP@5": 0.23562, "MAP@10": 0.26012, "MAP@20": 0.27546, "MAP@100": 0.29223, "Recall@1": 0.12944, "Recall@5": 0.30998, "Recall@10": 0.39202, "Recall@20": 0.47009, "Recall@100": 0.70858, "P@1": 0.33621, "P@5": 0.21034, "P@10": 0.14397, "P@20": 0.09353, "P@100": 0.03069, "MRR": 0.44546}