{"NDCG@1": 0.31897, "NDCG@5": 0.30767, "NDCG@10": 0.33051, "NDCG@20": 0.36253, "NDCG@100": 0.43489, "MAP@1": 0.11881, "MAP@5": 0.21901, "MAP@10": 0.24489, "MAP@20": 0.2611, "MAP@100": 0.27985, "Recall@1": 0.11881, "Recall@5": 0.2908, "Recall@10": 0.38063, "Recall@20": 0.46841, "Recall@100": 0.71109, "P@1": 0.31897, "P@5": 0.19828, "P@10": 0.13621, "P@20": 0.09138, "P@100": 0.03095, "MRR": 0.43301}