{"NDCG@1": 0.25862, "NDCG@5": 0.24663, "NDCG@10": 0.26555, "NDCG@20": 0.30296, "NDCG@25": 0.3114, "NDCG@100": 0.36736, "MAP@1": 0.09485, "MAP@5": 0.17553, "MAP@10": 0.19422, "MAP@20": 0.20965, "MAP@25": 0.21289, "MAP@100": 0.22528, "Recall@1": 0.09485, "Recall@5": 0.23744, "Recall@10": 0.31154, "Recall@20": 0.41758, "Recall@25": 0.44092, "Recall@100": 0.63677, "P@1": 0.25862, "P@5": 0.16034, "P@10": 0.10862, "P@20": 0.07759, "P@25": 0.06724, "P@100": 0.02707, "MRR": 0.35681}