{"NDCG@1": 0.31897, "NDCG@5": 0.24678, "NDCG@10": 0.30233, "MAP@1": 0.11881, "MAP@5": 0.15911, "MAP@10": 0.20015, "Recall@1": 0.11881, "Recall@5": 0.22726, "Recall@10": 0.37999, "P@1": 0.31897, "P@5": 0.14138, "P@10": 0.13448, "MRR": 0.41878}