{"NDCG@1": 0.33621, "NDCG@5": 0.25021, "NDCG@10": 0.31054, "MAP@1": 0.12944, "MAP@5": 0.16159, "MAP@10": 0.20447, "Recall@1": 0.12944, "Recall@5": 0.21327, "Recall@10": 0.38807, "P@1": 0.33621, "P@5": 0.14655, "P@10": 0.13879, "MRR": 0.43474}