{"NDCG@1": 0.34483, "NDCG@5": 0.26117, "NDCG@10": 0.32044, "MAP@1": 0.12969, "MAP@5": 0.16937, "MAP@10": 0.21469, "Recall@1": 0.12969, "Recall@5": 0.23406, "Recall@10": 0.39918, "P@1": 0.34483, "P@5": 0.15, "P@10": 0.14397, "MRR": 0.43963}