{"NDCG@1": 0.37069, "NDCG@5": 0.3762, "NDCG@10": 0.38572, "NDCG@20": 0.42147, "NDCG@25": 0.43027, "NDCG@100": 0.47641, "MAP@1": 0.14359, "MAP@5": 0.27247, "MAP@10": 0.29679, "MAP@20": 0.3173, "MAP@25": 0.32109, "MAP@100": 0.33175, "Recall@1": 0.14359, "Recall@5": 0.36769, "Recall@10": 0.43326, "Recall@20": 0.52781, "Recall@25": 0.55194, "Recall@100": 0.71077, "P@1": 0.37069, "P@5": 0.23966, "P@10": 0.15431, "P@20": 0.10388, "P@25": 0.08828, "P@100": 0.0306, "MRR": 0.49132}