{"NDCG@1": 0.35345, "NDCG@5": 0.34837, "NDCG@10": 0.37482, "NDCG@20": 0.40706, "NDCG@25": 0.41695, "NDCG@100": 0.46112, "MAP@1": 0.12481, "MAP@5": 0.24305, "MAP@10": 0.27661, "MAP@20": 0.29582, "MAP@25": 0.29945, "MAP@100": 0.31092, "Recall@1": 0.12481, "Recall@5": 0.3345, "Recall@10": 0.4328, "Recall@20": 0.5297, "Recall@25": 0.55673, "Recall@100": 0.70858, "P@1": 0.35345, "P@5": 0.22759, "P@10": 0.16379, "P@20": 0.10647, "P@25": 0.09138, "P@100": 0.03069, "MRR": 0.47411}