{"NDCG@1": 0.32759, "NDCG@5": 0.24664, "NDCG@10": 0.30112, "MAP@1": 0.11959, "MAP@5": 0.1582, "MAP@10": 0.20021, "Recall@1": 0.11959, "Recall@5": 0.21979, "Recall@10": 0.37593, "P@1": 0.32759, "P@5": 0.1431, "P@10": 0.13362, "MRR": 0.41967}