{"NDCG@1": 0.34483, "NDCG@5": 0.3431, "NDCG@10": 0.35519, "NDCG@20": 0.38606, "NDCG@100": 0.45254, "MAP@1": 0.12969, "MAP@5": 0.24911, "MAP@10": 0.27207, "MAP@20": 0.28924, "MAP@100": 0.305, "Recall@1": 0.12969, "Recall@5": 0.33409, "Recall@10": 0.39942, "Recall@20": 0.48009, "Recall@100": 0.71077, "P@1": 0.34483, "P@5": 0.21897, "P@10": 0.1431, "P@20": 0.0944, "P@100": 0.0306, "MRR": 0.45767}