{"NDCG@1": 0.24138, "NDCG@5": 0.23147, "NDCG@10": 0.27049, "MAP@1": 0.10239, "MAP@5": 0.16173, "MAP@10": 0.18765, "Recall@1": 0.10239, "Recall@5": 0.22942, "Recall@10": 0.34011, "P@1": 0.24138, "P@5": 0.13103, "P@10": 0.1069, "MRR": 0.35325}