{"NDCG@1": 0.24138, "NDCG@5": 0.25766, "NDCG@10": 0.27731, "NDCG@20": 0.29905, "NDCG@100": 0.35563, "MAP@1": 0.11088, "MAP@5": 0.18589, "MAP@10": 0.20358, "MAP@20": 0.21246, "MAP@100": 0.22464, "Recall@1": 0.11088, "Recall@5": 0.26733, "Recall@10": 0.33246, "Recall@20": 0.39369, "Recall@100": 0.58817, "P@1": 0.24138, "P@5": 0.15172, "P@10": 0.10517, "P@20": 0.06853, "P@100": 0.02405, "MRR": 0.35268}