{"NDCG@1": 0.21552, "NDCG@5": 0.24843, "NDCG@10": 0.26987, "NDCG@20": 0.29384, "NDCG@25": 0.30338, "NDCG@100": 0.34685, "MAP@1": 0.09039, "MAP@5": 0.16751, "MAP@10": 0.18757, "MAP@20": 0.19935, "MAP@25": 0.20209, "MAP@100": 0.21112, "Recall@1": 0.09039, "Recall@5": 0.2532, "Recall@10": 0.32755, "Recall@20": 0.39665, "Recall@25": 0.42782, "Recall@100": 0.57751, "P@1": 0.21552, "P@5": 0.15517, "P@10": 0.11207, "P@20": 0.07069, "P@25": 0.06103, "P@100": 0.02379, "MRR": 0.35402}