{"NDCG@1": 0.18966, "NDCG@5": 0.17557, "NDCG@10": 0.20414, "NDCG@20": 0.22654, "NDCG@25": 0.23653, "NDCG@100": 0.28852, "MAP@1": 0.0854, "MAP@5": 0.12841, "MAP@10": 0.14496, "MAP@20": 0.1531, "MAP@25": 0.15615, "MAP@100": 0.16609, "Recall@1": 0.0854, "Recall@5": 0.17654, "Recall@10": 0.25963, "Recall@20": 0.31938, "Recall@25": 0.34631, "Recall@100": 0.52971, "P@1": 0.18966, "P@5": 0.09655, "P@10": 0.07328, "P@20": 0.05086, "P@25": 0.04655, "P@100": 0.0206, "MRR": 0.2742}