{"NDCG@1": 0.24138, "NDCG@5": 0.22225, "NDCG@10": 0.26519, "MAP@1": 0.10944, "MAP@5": 0.15776, "MAP@10": 0.18398, "Recall@1": 0.10944, "Recall@5": 0.22032, "Recall@10": 0.33561, "P@1": 0.24138, "P@5": 0.12069, "P@10": 0.10431, "MRR": 0.34273}