{"NDCG@1": 0.19828, "NDCG@5": 0.21889, "NDCG@10": 0.25117, "NDCG@20": 0.28024, "NDCG@100": 0.33282, "MAP@1": 0.09384, "MAP@5": 0.15214, "MAP@10": 0.17609, "MAP@20": 0.18787, "MAP@100": 0.19908, "Recall@1": 0.09384, "Recall@5": 0.22475, "Recall@10": 0.31871, "Recall@20": 0.39849, "Recall@100": 0.57178, "P@1": 0.19828, "P@5": 0.13103, "P@10": 0.10172, "P@20": 0.06897, "P@100": 0.02362, "MRR": 0.32189}