{"NDCG@1": 0.19828, "NDCG@5": 0.20571, "NDCG@10": 0.25582, "MAP@1": 0.09384, "MAP@5": 0.1472, "MAP@10": 0.17604, "Recall@1": 0.09384, "Recall@5": 0.20966, "Recall@10": 0.33247, "P@1": 0.19828, "P@5": 0.11034, "P@10": 0.10431, "MRR": 0.31676}