{"NDCG@1": 0.22414, "NDCG@5": 0.27035, "NDCG@10": 0.29179, "NDCG@20": 0.31726, "NDCG@25": 0.3238, "NDCG@100": 0.36764, "MAP@1": 0.11697, "MAP@5": 0.19576, "MAP@10": 0.21762, "MAP@20": 0.22867, "MAP@25": 0.23042, "MAP@100": 0.24027, "Recall@1": 0.11697, "Recall@5": 0.26429, "Recall@10": 0.34645, "Recall@20": 0.42063, "Recall@25": 0.43835, "Recall@100": 0.58817, "P@1": 0.22414, "P@5": 0.16379, "P@10": 0.11293, "P@20": 0.07414, "P@25": 0.06345, "P@100": 0.02405, "MRR": 0.35784}