{"NDCG@1": 0.21552, "NDCG@5": 0.2059, "NDCG@10": 0.25196, "MAP@1": 0.10125, "MAP@5": 0.14477, "MAP@10": 0.17362, "Recall@1": 0.10125, "Recall@5": 0.20532, "Recall@10": 0.32578, "P@1": 0.21552, "P@5": 0.11034, "P@10": 0.10172, "MRR": 0.3188}