{"NDCG@1": 0.21552, "NDCG@5": 0.22373, "NDCG@10": 0.26047, "NDCG@20": 0.28751, "NDCG@100": 0.34328, "MAP@1": 0.10125, "MAP@5": 0.15778, "MAP@10": 0.18354, "MAP@20": 0.19431, "MAP@100": 0.20651, "Recall@1": 0.10125, "Recall@5": 0.22864, "Recall@10": 0.33051, "Recall@20": 0.40383, "Recall@100": 0.5942, "P@1": 0.21552, "P@5": 0.12931, "P@10": 0.10259, "P@20": 0.06983, "P@100": 0.02422, "MRR": 0.33234}