{"NDCG@1": 0.25, "NDCG@5": 0.2504, "NDCG@10": 0.27006, "NDCG@20": 0.29421, "NDCG@100": 0.34914, "MAP@1": 0.1067, "MAP@5": 0.17448, "MAP@10": 0.19434, "MAP@20": 0.20462, "MAP@100": 0.21619, "Recall@1": 0.1067, "Recall@5": 0.26456, "Recall@10": 0.32586, "Recall@20": 0.39292, "Recall@100": 0.57751, "P@1": 0.25, "P@5": 0.14483, "P@10": 0.10431, "P@20": 0.06724, "P@100": 0.02379, "MRR": 0.35662}